year,users_millions_est
2009,0.1
2010,18.84375
2011,37.5875
2012,56.33125
2013,75.07499999999999
2014,93.81875
2015,112.56249999999999
2016,131.30624999999998
2017,150.04999999999998
2018,168.79375
2019,187.5375
2020,206.28124999999997
2021,225.02499999999998
2022,243.76874999999998
2023,262.5125
2024,281.25625
2025,300.0
